{
  "best_params": {
    "lookback": 49,
    "num_layers": 2,
    "hidden_size": 40,
    "lr": 0.0035800412253024,
    "batch_size": 32,
    "kernel_size": 2
  },
  "best_val_rmse": 0.0870443076813712
}