{
  "best_params": {
    "lookback": 37,
    "num_layers": 1,
    "hidden_size": 22,
    "lr": 0.0019708633271632845,
    "batch_size": 32,
    "kernel_size": 2
  },
  "best_val_rmse": 0.08643186352462458
}